{"cameraMode":{"drawMode":0,"name":"Shaded","section":"Shading Mode"},"sceneLighting":true,"audioPlay":false,"sceneViewState":{"m_AlwaysRefresh":false,"showFog":true,"showSkybox":true,"showFlares":true,"showImageEffects":true,"showParticleSystems":true,"showVisualEffectGraphs":true,"m_FxEnabled":true},"in2DMode":false,"pivot":{"x":2.2677054405212404,"y":1.0008963346481324,"z":-2.107668161392212},"rotation":{"x":-0.006423182785511017,"y":0.9928408265113831,"z":-0.06294035911560059,"w":-0.10132081061601639},"size":3.9073946475982668,"orthographic":false}